Artifact Kind,Schema Name,JSON Schema,Fused,Fused ClassNames,Fused ClassName CSS Tokens,Discoverable
type,AboutPage,âœ…,âœ…,âœ…,âœ…,
type,Action,âœ…,âœ…,âœ…,âœ…,âœ…
type,AdministrativeArea,âœ…,âœ…,âœ…,âœ…,
type,AggregateOffer,âœ…,âœ…,âœ…,âœ…,
type,AggregateRating,âœ…,âœ…,âœ…,âœ…,
type,AlignmentObject,âœ…,âœ…,âœ…,âœ…,
type,AnatomicalStructure,âœ…,âœ…,âœ…,âœ…,
type,AnatomicalSystem,âœ…,âœ…,âœ…,âœ…,
type,Answer,âœ…,âœ…,âœ…,âœ…,
type,Article,âœ…,âœ…,âœ…,âœ…,
type,Audience,âœ…,âœ…,âœ…,âœ…,
type,AudioObject,âœ…,âœ…,âœ…,âœ…,
type,BioChemEntity,âœ…,âœ…,âœ…,âœ…,
type,BlogPosting,âœ…,âœ…,âœ…,âœ…,
type,Book,âœ…,âœ…,âœ…,âœ…,
type,Brand,âœ…,âœ…,âœ…,âœ…,
type,BreadcrumbList,âœ…,âœ…,âœ…,âœ…,âœ…
type,BroadcastChannel,âœ…,âœ…,âœ…,âœ…,
type,BroadcastEvent,âœ…,âœ…,âœ…,âœ…,
type,BroadcastFrequencySpecification,âœ…,âœ…,âœ…,âœ…,
type,BroadcastService,âœ…,âœ…,âœ…,âœ…,
type,CableOrSatelliteService,âœ…,âœ…,âœ…,âœ…,
type,CategoryCode,âœ…,âœ…,âœ…,âœ…,
type,CategoryCodeSet,âœ…,âœ…,âœ…,âœ…,
type,Certification,âœ…,âœ…,âœ…,âœ…,
type,CheckoutPage,âœ…,âœ…,âœ…,âœ…,
type,CivicStructure,âœ…,âœ…,âœ…,âœ…,
type,Claim,âœ…,âœ…,âœ…,âœ…,
type,ClaimReview,âœ…,âœ…,âœ…,âœ…,
type,Class,âœ…,âœ…,âœ…,âœ…,
type,Clip,âœ…,âœ…,âœ…,âœ…,
type,cmns-cls_Classifier,âœ…,âœ…,âœ…,âœ…,
type,cmns-col_Collection,âœ…,âœ…,âœ…,âœ…,
type,cmns-ge_GeopoliticalEntity,âœ…,âœ…,âœ…,âœ…,
type,CollectionPage,âœ…,âœ…,âœ…,âœ…,
type,Comment,âœ…,âœ…,âœ…,âœ…,
type,ConstraintNode,âœ…,âœ…,âœ…,âœ…,
type,ContactPage,âœ…,âœ…,âœ…,âœ…,
type,ContactPoint,âœ…,âœ…,âœ…,âœ…,
type,CorrectionComment,âœ…,âœ…,âœ…,âœ…,
type,Country,âœ…,âœ…,âœ…,âœ…,
type,Course,âœ…,âœ…,âœ…,âœ…,
type,CourseInstance,âœ…,âœ…,âœ…,âœ…,
type,CreativeWork,âœ…,âœ…,âœ…,âœ…,âœ…
type,CreativeWorkSeason,âœ…,âœ…,âœ…,âœ…,
type,CreativeWorkSeries,âœ…,âœ…,âœ…,âœ…,
type,Credential,âœ…,âœ…,âœ…,âœ…,
type,CreditCard,âœ…,âœ…,âœ…,âœ…,
type,CssSelectorType,âœ…,âœ…,âœ…,âœ…,
type,DataCatalog,âœ…,âœ…,âœ…,âœ…,
type,DataDownload,âœ…,âœ…,âœ…,âœ…,
type,DataFeed,âœ…,âœ…,âœ…,âœ…,
type,DataFeedItem,âœ…,âœ…,âœ…,âœ…,
type,Dataset,âœ…,âœ…,âœ…,âœ…,
type,DDxElement,âœ…,âœ…,âœ…,âœ…,
type,DefinedRegion,âœ…,âœ…,âœ…,âœ…,
type,DefinedTerm,âœ…,âœ…,âœ…,âœ…,
type,DefinedTermSet,âœ…,âœ…,âœ…,âœ…,
type,DeliveryChargeSpecification,âœ…,âœ…,âœ…,âœ…,
type,Demand,âœ…,âœ…,âœ…,âœ…,
type,Diet,âœ…,âœ…,âœ…,âœ…,
type,DiscussionForumPosting,âœ…,âœ…,âœ…,âœ…,
type,Distance,âœ…,âœ…,âœ…,âœ…,
type,DoseSchedule,âœ…,âœ…,âœ…,âœ…,
type,Drug,âœ…,âœ…,âœ…,âœ…,
type,DrugClass,âœ…,âœ…,âœ…,âœ…,
type,DrugLegalStatus,âœ…,âœ…,âœ…,âœ…,
type,DrugStrength,âœ…,âœ…,âœ…,âœ…,
type,Duration,âœ…,âœ…,âœ…,âœ…,
type,EducationalOccupationalCredential,âœ…,âœ…,âœ…,âœ…,
type,EducationalOrganization,âœ…,âœ…,âœ…,âœ…,
type,EmployerAggregateRating,âœ…,âœ…,âœ…,âœ…,
type,Energy,âœ…,âœ…,âœ…,âœ…,
type,EnergyConsumptionDetails,âœ…,âœ…,âœ…,âœ…,
type,EntryPoint,âœ…,âœ…,âœ…,âœ…,
type,Enumeration,âœ…,âœ…,âœ…,âœ…,
type,Episode,âœ…,âœ…,âœ…,âœ…,
type,Event,âœ…,âœ…,âœ…,âœ…,
type,FAQPage,âœ…,âœ…,âœ…,âœ…,
type,fibo-fnd-agr-ctr_MutualContractualAgreement,âœ…,âœ…,âœ…,âœ…,
type,fibo-fnd-arr-doc_Certificate,âœ…,âœ…,âœ…,âœ…,
type,FinancialProduct,âœ…,âœ…,âœ…,âœ…,
type,Gene,âœ…,âœ…,âœ…,âœ…,
type,GeoCoordinates,âœ…,âœ…,âœ…,âœ…,
type,GeoShape,âœ…,âœ…,âœ…,âœ…,
type,GeospatialGeometry,âœ…,âœ…,âœ…,âœ…,
type,Grant,âœ…,âœ…,âœ…,âœ…,
type,HealthInsurancePlan,âœ…,âœ…,âœ…,âœ…,
type,HealthPlanCostSharingSpecification,âœ…,âœ…,âœ…,âœ…,
type,HealthPlanFormulary,âœ…,âœ…,âœ…,âœ…,
type,HealthPlanNetwork,âœ…,âœ…,âœ…,âœ…,
type,HowTo,âœ…,âœ…,âœ…,âœ…,
type,HowToItem,âœ…,âœ…,âœ…,âœ…,
type,HowToSection,âœ…,âœ…,âœ…,âœ…,
type,HowToStep,âœ…,âœ…,âœ…,âœ…,
type,HowToSupply,âœ…,âœ…,âœ…,âœ…,
type,HowToTool,âœ…,âœ…,âœ…,âœ…,
type,HyperTocEntry,âœ…,âœ…,âœ…,âœ…,
type,ImageGallery,âœ…,âœ…,âœ…,âœ…,
type,ImageObject,âœ…,âœ…,âœ…,âœ…,
type,Intangible,âœ…,âœ…,âœ…,âœ…,
type,Integer,âœ…,âœ…,âœ…,âœ…,
type,InteractionCounter,âœ…,âœ…,âœ…,âœ…,
type,ItemList,âœ…,âœ…,âœ…,âœ…,
type,ItemPage,âœ…,âœ…,âœ…,âœ…,
type,JobPosting,âœ…,âœ…,âœ…,âœ…,
type,Language,âœ…,âœ…,âœ…,âœ…,
type,LearningResource,âœ…,âœ…,âœ…,âœ…,
type,LifestyleModification,âœ…,âœ…,âœ…,âœ…,
type,ListItem,âœ…,âœ…,âœ…,âœ…,âœ…
type,LoanOrCredit,âœ…,âœ…,âœ…,âœ…,
type,LocalBusiness,âœ…,âœ…,âœ…,âœ…,
type,LocationFeatureSpecification,âœ…,âœ…,âœ…,âœ…,
type,Map,âœ…,âœ…,âœ…,âœ…,
type,Mass,âœ…,âœ…,âœ…,âœ…,
type,MathSolver,âœ…,âœ…,âœ…,âœ…,
type,MaximumDoseSchedule,âœ…,âœ…,âœ…,âœ…,
type,MediaGallery,âœ…,âœ…,âœ…,âœ…,
type,MediaObject,âœ…,âœ…,âœ…,âœ…,
type,MediaSubscription,âœ…,âœ…,âœ…,âœ…,
type,MedicalAudience,âœ…,âœ…,âœ…,âœ…,
type,MedicalCause,âœ…,âœ…,âœ…,âœ…,
type,MedicalCode,âœ…,âœ…,âœ…,âœ…,
type,MedicalCondition,âœ…,âœ…,âœ…,âœ…,
type,MedicalConditionStage,âœ…,âœ…,âœ…,âœ…,
type,MedicalContraindication,âœ…,âœ…,âœ…,âœ…,
type,MedicalDevice,âœ…,âœ…,âœ…,âœ…,
type,MedicalEntity,âœ…,âœ…,âœ…,âœ…,
type,MedicalGuideline,âœ…,âœ…,âœ…,âœ…,
type,MedicalIntangible,âœ…,âœ…,âœ…,âœ…,
type,MedicalProcedure,âœ…,âœ…,âœ…,âœ…,
type,MedicalRiskFactor,âœ…,âœ…,âœ…,âœ…,
type,MedicalSign,âœ…,âœ…,âœ…,âœ…,
type,MedicalSignOrSymptom,âœ…,âœ…,âœ…,âœ…,
type,MedicalStudy,âœ…,âœ…,âœ…,âœ…,
type,MedicalTest,âœ…,âœ…,âœ…,âœ…,
type,MedicalTherapy,âœ…,âœ…,âœ…,âœ…,
type,MedicalWebPage,âœ…,âœ…,âœ…,âœ…,
type,MemberProgram,âœ…,âœ…,âœ…,âœ…,
type,MemberProgramTier,âœ…,âœ…,âœ…,âœ…,
type,MenuItem,âœ…,âœ…,âœ…,âœ…,
type,MenuSection,âœ…,âœ…,âœ…,âœ…,
type,MerchantReturnPolicy,âœ…,âœ…,âœ…,âœ…,
type,MerchantReturnPolicySeasonalOverride,âœ…,âœ…,âœ…,âœ…,
type,MonetaryAmount,âœ…,âœ…,âœ…,âœ…,âœ…
type,MonetaryAmountDistribution,âœ…,âœ…,âœ…,âœ…,
type,Movie,âœ…,âœ…,âœ…,âœ…,
type,MusicAlbum,âœ…,âœ…,âœ…,âœ…,
type,MusicComposition,âœ…,âœ…,âœ…,âœ…,
type,MusicGroup,âœ…,âœ…,âœ…,âœ…,
type,MusicPlaylist,âœ…,âœ…,âœ…,âœ…,
type,MusicRecording,âœ…,âœ…,âœ…,âœ…,
type,MusicRelease,âœ…,âœ…,âœ…,âœ…,
type,NewsArticle,âœ…,âœ…,âœ…,âœ…,
type,NutritionInformation,âœ…,âœ…,âœ…,âœ…,
type,Occupation,âœ…,âœ…,âœ…,âœ…,
type,OccupationalExperienceRequirements,âœ…,âœ…,âœ…,âœ…,
type,Offer,âœ…,âœ…,âœ…,âœ…,âœ…
type,OfferCatalog,âœ…,âœ…,âœ…,âœ…,
type,OfferShippingDetails,âœ…,âœ…,âœ…,âœ…,
type,OpeningHoursSpecification,âœ…,âœ…,âœ…,âœ…,
type,OperatingSystem,âœ…,âœ…,âœ…,âœ…,
type,Organization,âœ…,âœ…,âœ…,âœ…,
type,PaymentCard,âœ…,âœ…,âœ…,âœ…,
type,PaymentMethod,âœ…,âœ…,âœ…,âœ…,
type,PeopleAudience,âœ…,âœ…,âœ…,âœ…,
type,PerformingGroup,âœ…,âœ…,âœ…,âœ…,
type,Person,âœ…,âœ…,âœ…,âœ…,
type,Photograph,âœ…,âœ…,âœ…,âœ…,
type,Place,âœ…,âœ…,âœ…,âœ…,âœ…
type,PostalAddress,âœ…,âœ…,âœ…,âœ…,
type,PostalCodeRangeSpecification,âœ…,âœ…,âœ…,âœ…,
type,PriceSpecification,âœ…,âœ…,âœ…,âœ…,
type,Product,âœ…,âœ…,âœ…,âœ…,
type,ProductGroup,âœ…,âœ…,âœ…,âœ…,
type,ProductModel,âœ…,âœ…,âœ…,âœ…,
type,ProfilePage,âœ…,âœ…,âœ…,âœ…,
type,ProgramMembership,âœ…,âœ…,âœ…,âœ…,
type,Property,âœ…,âœ…,âœ…,âœ…,
type,PropertyValue,âœ…,âœ…,âœ…,âœ…,
type,PublicationEvent,âœ…,âœ…,âœ…,âœ…,
type,QAPage,âœ…,âœ…,âœ…,âœ…,
type,QuantitativeValue,âœ…,âœ…,âœ…,âœ…,
type,QuantitativeValueDistribution,âœ…,âœ…,âœ…,âœ…,
type,Question,âœ…,âœ…,âœ…,âœ…,
type,Quiz,âœ…,âœ…,âœ…,âœ…,
type,Rating,âœ…,âœ…,âœ…,âœ…,
type,ReadAction,âœ…,âœ…,âœ…,âœ…,âœ…
type,RealEstateListing,âœ…,âœ…,âœ…,âœ…,
type,Recipe,âœ…,âœ…,âœ…,âœ…,
type,RepaymentSpecification,âœ…,âœ…,âœ…,âœ…,
type,Review,âœ…,âœ…,âœ…,âœ…,
type,RuntimePlatform,âœ…,âœ…,âœ…,âœ…,
type,Schedule,âœ…,âœ…,âœ…,âœ…,
type,SearchResultsPage,âœ…,âœ…,âœ…,âœ…,
type,Series,âœ…,âœ…,âœ…,âœ…,
type,Service,âœ…,âœ…,âœ…,âœ…,
type,ServiceChannel,âœ…,âœ…,âœ…,âœ…,
type,ServicePeriod,âœ…,âœ…,âœ…,âœ…,
type,ShippingConditions,âœ…,âœ…,âœ…,âœ…,
type,ShippingDeliveryTime,âœ…,âœ…,âœ…,âœ…,
type,ShippingRateSettings,âœ…,âœ…,âœ…,âœ…,
type,ShippingService,âœ…,âœ…,âœ…,âœ…,
type,SoftwareApplication,âœ…,âœ…,âœ…,âœ…,
type,SoftwareSourceCode,âœ…,âœ…,âœ…,âœ…,
type,SolveMathAction,âœ…,âœ…,âœ…,âœ…,
type,SpeakableSpecification,âœ…,âœ…,âœ…,âœ…,
type,StatisticalVariable,âœ…,âœ…,âœ…,âœ…,
type,StructuredValue,âœ…,âœ…,âœ…,âœ…,
type,Substance,âœ…,âœ…,âœ…,âœ…,
type,SuperficialAnatomy,âœ…,âœ…,âœ…,âœ…,
type,Taxon,âœ…,âœ…,âœ…,âœ…,
type,TechArticle,âœ…,âœ…,âœ…,âœ…,
type,TextObject,âœ…,âœ…,âœ…,âœ…,
type,TherapeuticProcedure,âœ…,âœ…,âœ…,âœ…,
type,Thing,âœ…,âœ…,âœ…,âœ…,âœ…
type,Trip,âœ…,âœ…,âœ…,âœ…,
type,TypeAndQuantityNode,âœ…,âœ…,âœ…,âœ…,
type,UnitPriceSpecification,âœ…,âœ…,âœ…,âœ…,
type,URL,âœ…,âœ…,âœ…,âœ…,
type,VacationRental,âœ…,âœ…,âœ…,âœ…,
type,Vehicle,âœ…,âœ…,âœ…,âœ…,
type,VideoGallery,âœ…,âœ…,âœ…,âœ…,
type,VideoObject,âœ…,âœ…,âœ…,âœ…,
type,VirtualLocation,âœ…,âœ…,âœ…,âœ…,
type,WarrantyPromise,âœ…,âœ…,âœ…,âœ…,
type,WebApplication,âœ…,âœ…,âœ…,âœ…,
type,WebContent,âœ…,âœ…,âœ…,âœ…,
type,WebPage,âœ…,âœ…,âœ…,âœ…,
type,WebPageElement,âœ…,âœ…,âœ…,âœ…,
type,WebSite,âœ…,âœ…,âœ…,âœ…,
type,XPathType,âœ…,âœ…,âœ…,âœ…,
property,about,âœ…,âœ…,âœ…,âœ…,âœ…
property,abstract,âœ…,âœ…,âœ…,âœ…,
property,acceptedPaymentMethod,âœ…,âœ…,âœ…,âœ…,
property,accessibilityAPI,âœ…,âœ…,âœ…,âœ…,
property,accessibilityControl,âœ…,âœ…,âœ…,âœ…,
property,accessibilityFeature,âœ…,âœ…,âœ…,âœ…,
property,accessibilityHazard,âœ…,âœ…,âœ…,âœ…,
property,accessibilitySummary,âœ…,âœ…,âœ…,âœ…,
property,accessMode,âœ…,âœ…,âœ…,âœ…,
property,accessModeSufficient,âœ…,âœ…,âœ…,âœ…,
property,accountablePerson,âœ…,âœ…,âœ…,âœ…,
property,acquireLicensePage,âœ…,âœ…,âœ…,âœ…,
property,actionableFeedbackPolicy,âœ…,âœ…,âœ…,âœ…,
property,actionApplication,âœ…,âœ…,âœ…,âœ…,
property,actionPlatform,âœ…,âœ…,âœ…,âœ…,
property,actionProcess,âœ…,âœ…,âœ…,âœ…,
property,actionStatus,âœ…,âœ…,âœ…,âœ…,
property,activeIngredient,âœ…,âœ…,âœ…,âœ…,
property,actor,âœ…,âœ…,âœ…,âœ…,
property,actors,âœ…,âœ…,âœ…,âœ…,
property,additionalName,âœ…,âœ…,âœ…,âœ…,
property,additionalProperty,âœ…,âœ…,âœ…,âœ…,
property,additionalType,âœ…,âœ…,âœ…,âœ…,
property,addOn,âœ…,âœ…,âœ…,âœ…,
property,address,âœ…,âœ…,âœ…,âœ…,âœ…
property,addressCountry,âœ…,âœ…,âœ…,âœ…,
property,addressLocality,âœ…,âœ…,âœ…,âœ…,
property,addressRegion,âœ…,âœ…,âœ…,âœ…,
property,administrationRoute,âœ…,âœ…,âœ…,âœ…,
property,advanceBookingRequirement,âœ…,âœ…,âœ…,âœ…,
property,adverseOutcome,âœ…,âœ…,âœ…,âœ…,
property,affectedBy,âœ…,âœ…,âœ…,âœ…,
property,affiliation,âœ…,âœ…,âœ…,âœ…,
property,agent,âœ…,âœ…,âœ…,âœ…,
property,agentInteractionStatistic,âœ…,âœ…,âœ…,âœ…,
property,aggregateElement,âœ…,âœ…,âœ…,âœ…,
property,aggregateRating,âœ…,âœ…,âœ…,âœ…,
property,album,âœ…,âœ…,âœ…,âœ…,
property,albumProductionType,âœ…,âœ…,âœ…,âœ…,
property,albumRelease,âœ…,âœ…,âœ…,âœ…,
property,albumReleaseType,âœ…,âœ…,âœ…,âœ…,
property,albums,âœ…,âœ…,âœ…,âœ…,
property,alcoholWarning,âœ…,âœ…,âœ…,âœ…,
property,alignmentType,âœ…,âœ…,âœ…,âœ…,
property,alternateName,âœ…,âœ…,âœ…,âœ…,
property,alternativeHeadline,âœ…,âœ…,âœ…,âœ…,
property,alternativeOf,âœ…,âœ…,âœ…,âœ…,
property,alumni,âœ…,âœ…,âœ…,âœ…,
property,alumniOf,âœ…,âœ…,âœ…,âœ…,
property,amenityFeature,âœ…,âœ…,âœ…,âœ…,
property,amount,âœ…,âœ…,âœ…,âœ…,
property,amountOfThisGood,âœ…,âœ…,âœ…,âœ…,
property,annualPercentageRate,âœ…,âœ…,âœ…,âœ…,
property,appearance,âœ…,âœ…,âœ…,âœ…,
property,applicableCountry,âœ…,âœ…,âœ…,âœ…,
property,applicableLocation,âœ…,âœ…,âœ…,âœ…,
property,application,âœ…,âœ…,âœ…,âœ…,
property,applicationCategory,âœ…,âœ…,âœ…,âœ…,
property,applicationSubCategory,âœ…,âœ…,âœ…,âœ…,
property,applicationSuite,âœ…,âœ…,âœ…,âœ…,
property,appliesToDeliveryMethod,âœ…,âœ…,âœ…,âœ…,
property,archivedAt,âœ…,âœ…,âœ…,âœ…,
property,area,âœ…,âœ…,âœ…,âœ…,
property,areaServed,âœ…,âœ…,âœ…,âœ…,
property,arrivalTime,âœ…,âœ…,âœ…,âœ…,
property,articleBody,âœ…,âœ…,âœ…,âœ…,
property,articleSection,âœ…,âœ…,âœ…,âœ…,
property,asin,âœ…,âœ…,âœ…,âœ…,
property,aspect,âœ…,âœ…,âœ…,âœ…,
property,assesses,âœ…,âœ…,âœ…,âœ…,
property,associatedAnatomy,âœ…,âœ…,âœ…,âœ…,
property,associatedArticle,âœ…,âœ…,âœ…,âœ…,
property,associatedClaimReview,âœ…,âœ…,âœ…,âœ…,
property,associatedDisease,âœ…,âœ…,âœ…,âœ…,
property,associatedMedia,âœ…,âœ…,âœ…,âœ…,
property,associatedMediaReview,âœ…,âœ…,âœ…,âœ…,
property,associatedPathophysiology,âœ…,âœ…,âœ…,âœ…,
property,associatedReview,âœ…,âœ…,âœ…,âœ…,
property,attendee,âœ…,âœ…,âœ…,âœ…,
property,attendees,âœ…,âœ…,âœ…,âœ…,
property,audience,âœ…,âœ…,âœ…,âœ…,
property,audienceType,âœ…,âœ…,âœ…,âœ…,
property,audio,âœ…,âœ…,âœ…,âœ…,
property,auditDate,âœ…,âœ…,âœ…,âœ…,
property,authenticator,âœ…,âœ…,âœ…,âœ…,
property,author,âœ…,âœ…,âœ…,âœ…,
property,availability,âœ…,âœ…,âœ…,âœ…,
property,availabilityEnds,âœ…,âœ…,âœ…,âœ…,
property,availabilityStarts,âœ…,âœ…,âœ…,âœ…,
property,availableAtOrFrom,âœ…,âœ…,âœ…,âœ…,
property,availableChannel,âœ…,âœ…,âœ…,âœ…,
property,availableDeliveryMethod,âœ…,âœ…,âœ…,âœ…,
property,availableIn,âœ…,âœ…,âœ…,âœ…,
property,availableLanguage,âœ…,âœ…,âœ…,âœ…,
property,availableOnDevice,âœ…,âœ…,âœ…,âœ…,
property,availableStrength,âœ…,âœ…,âœ…,âœ…,
property,award,âœ…,âœ…,âœ…,âœ…,
property,awards,âœ…,âœ…,âœ…,âœ…,
property,backstory,âœ…,âœ…,âœ…,âœ…,
property,benefitsSummaryUrl,âœ…,âœ…,âœ…,âœ…,
property,bestRating,âœ…,âœ…,âœ…,âœ…,
property,billingDuration,âœ…,âœ…,âœ…,âœ…,
property,billingIncrement,âœ…,âœ…,âœ…,âœ…,
property,billingStart,âœ…,âœ…,âœ…,âœ…,
property,bioChemInteraction,âœ…,âœ…,âœ…,âœ…,
property,bioChemSimilarity,âœ…,âœ…,âœ…,âœ…,
property,biologicalRole,âœ…,âœ…,âœ…,âœ…,
property,birthDate,âœ…,âœ…,âœ…,âœ…,
property,birthPlace,âœ…,âœ…,âœ…,âœ…,
property,bitrate,âœ…,âœ…,âœ…,âœ…,
property,bodyLocation,âœ…,âœ…,âœ…,âœ…,
property,box,âœ…,âœ…,âœ…,âœ…,
property,branchCode,âœ…,âœ…,âœ…,âœ…,
property,brand,âœ…,âœ…,âœ…,âœ…,
property,breadcrumb,âœ…,âœ…,âœ…,âœ…,
property,breastfeedingWarning,âœ…,âœ…,âœ…,âœ…,
property,broadcastAffiliateOf,âœ…,âœ…,âœ…,âœ…,
property,broadcastChannelId,âœ…,âœ…,âœ…,âœ…,
property,broadcastDisplayName,âœ…,âœ…,âœ…,âœ…,
property,broadcaster,âœ…,âœ…,âœ…,âœ…,
property,broadcastFrequency,âœ…,âœ…,âœ…,âœ…,
property,broadcastFrequencyValue,âœ…,âœ…,âœ…,âœ…,
property,broadcastServiceTier,âœ…,âœ…,âœ…,âœ…,
property,broadcastSignalModulation,âœ…,âœ…,âœ…,âœ…,
property,broadcastSubChannel,âœ…,âœ…,âœ…,âœ…,
property,broadcastTimezone,âœ…,âœ…,âœ…,âœ…,
property,broker,âœ…,âœ…,âœ…,âœ…,
property,businessDays,âœ…,âœ…,âœ…,âœ…,
property,businessFunction,âœ…,âœ…,âœ…,âœ…,
property,byArtist,âœ…,âœ…,âœ…,âœ…,
property,byDay,âœ…,âœ…,âœ…,âœ…,
property,byMonth,âœ…,âœ…,âœ…,âœ…,
property,byMonthDay,âœ…,âœ…,âœ…,âœ…,
property,byMonthWeek,âœ…,âœ…,âœ…,âœ…,
property,callSign,âœ…,âœ…,âœ…,âœ…,
property,calories,âœ…,âœ…,âœ…,âœ…,
property,caption,âœ…,âœ…,âœ…,âœ…,
property,carbohydrateContent,âœ…,âœ…,âœ…,âœ…,
property,cashBack,âœ…,âœ…,âœ…,âœ…,
property,catalog,âœ…,âœ…,âœ…,âœ…,
property,catalogNumber,âœ…,âœ…,âœ…,âœ…,
property,category,âœ…,âœ…,âœ…,âœ…,
property,cause,âœ…,âœ…,âœ…,âœ…,
property,causeOf,âœ…,âœ…,âœ…,âœ…,
property,certificationIdentification,âœ…,âœ…,âœ…,âœ…,
property,certificationRating,âœ…,âœ…,âœ…,âœ…,
property,certificationStatus,âœ…,âœ…,âœ…,âœ…,
property,character,âœ…,âœ…,âœ…,âœ…,
property,checkoutPageURLTemplate,âœ…,âœ…,âœ…,âœ…,
property,children,âœ…,âœ…,âœ…,âœ…,
property,childTaxon,âœ…,âœ…,âœ…,âœ…,
property,cholesterolContent,âœ…,âœ…,âœ…,âœ…,
property,circle,âœ…,âœ…,âœ…,âœ…,
property,citation,âœ…,âœ…,âœ…,âœ…,
property,claimInterpreter,âœ…,âœ…,âœ…,âœ…,
property,clincalPharmacology,âœ…,âœ…,âœ…,âœ…,
property,clinicalPharmacology,âœ…,âœ…,âœ…,âœ…,
property,clipNumber,âœ…,âœ…,âœ…,âœ…,
property,closes,âœ…,âœ…,âœ…,âœ…,
property,code,âœ…,âœ…,âœ…,âœ…,
property,codeValue,âœ…,âœ…,âœ…,âœ…,
property,codingSystem,âœ…,âœ…,âœ…,âœ…,
property,colleague,âœ…,âœ…,âœ…,âœ…,
property,colleagues,âœ…,âœ…,âœ…,âœ…,
property,color,âœ…,âœ…,âœ…,âœ…,
property,colorSwatch,âœ…,âœ…,âœ…,âœ…,
property,comment,âœ…,âœ…,âœ…,âœ…,
property,commentCount,âœ…,âœ…,âœ…,âœ…,
property,companyRegistration,âœ…,âœ…,âœ…,âœ…,
property,competencyRequired,âœ…,âœ…,âœ…,âœ…,
property,composer,âœ…,âœ…,âœ…,âœ…,
property,comprisedOf,âœ…,âœ…,âœ…,âœ…,
property,conditionsOfAccess,âœ…,âœ…,âœ…,âœ…,
property,connectedTo,âœ…,âœ…,âœ…,âœ…,
property,constraintProperty,âœ…,âœ…,âœ…,âœ…,
property,contactlessPayment,âœ…,âœ…,âœ…,âœ…,
property,contactOption,âœ…,âœ…,âœ…,âœ…,
property,contactPoint,âœ…,âœ…,âœ…,âœ…,
property,contactPoints,âœ…,âœ…,âœ…,âœ…,
property,contactType,âœ…,âœ…,âœ…,âœ…,
property,containedIn,âœ…,âœ…,âœ…,âœ…,
property,containedInPlace,âœ…,âœ…,âœ…,âœ…,
property,containsPlace,âœ…,âœ…,âœ…,âœ…,
property,contentLocation,âœ…,âœ…,âœ…,âœ…,
property,contentRating,âœ…,âœ…,âœ…,âœ…,
property,contentReferenceTime,âœ…,âœ…,âœ…,âœ…,
property,contentSize,âœ…,âœ…,âœ…,âœ…,
property,contentType,âœ…,âœ…,âœ…,âœ…,
property,contentUrl,âœ…,âœ…,âœ…,âœ…,
property,contraindication,âœ…,âœ…,âœ…,âœ…,
property,contributor,âœ…,âœ…,âœ…,âœ…,
property,copyrightHolder,âœ…,âœ…,âœ…,âœ…,
property,copyrightNotice,âœ…,âœ…,âœ…,âœ…,
property,copyrightYear,âœ…,âœ…,âœ…,âœ…,
property,correction,âœ…,âœ…,âœ…,âœ…,
property,correctionsPolicy,âœ…,âœ…,âœ…,âœ…,
property,countriesNotSupported,âœ…,âœ…,âœ…,âœ…,
property,countriesSupported,âœ…,âœ…,âœ…,âœ…,
property,countryOfAssembly,âœ…,âœ…,âœ…,âœ…,
property,countryOfLastProcessing,âœ…,âœ…,âœ…,âœ…,
property,countryOfOrigin,âœ…,âœ…,âœ…,âœ…,
property,creativeWorkStatus,âœ…,âœ…,âœ…,âœ…,
property,creator,âœ…,âœ…,âœ…,âœ…,
property,credentialCategory,âœ…,âœ…,âœ…,âœ…,
property,creditedTo,âœ…,âœ…,âœ…,âœ…,
property,creditText,âœ…,âœ…,âœ…,âœ…,
property,cssSelector,âœ…,âœ…,âœ…,âœ…,
property,currency,âœ…,âœ…,âœ…,âœ…,
property,customerRemorseReturnFees,âœ…,âœ…,âœ…,âœ…,
property,customerRemorseReturnLabelSource,âœ…,âœ…,âœ…,âœ…,
property,customerRemorseReturnShippingFeesAmount,âœ…,âœ…,âœ…,âœ…,
property,cutoffTime,âœ…,âœ…,âœ…,âœ…,
property,dataFeedElement,âœ…,âœ…,âœ…,âœ…,
property,dataset,âœ…,âœ…,âœ…,âœ…,
property,datasetTimeInterval,âœ…,âœ…,âœ…,âœ…,
property,dateCreated,âœ…,âœ…,âœ…,âœ…,
property,dateDeleted,âœ…,âœ…,âœ…,âœ…,
property,dateline,âœ…,âœ…,âœ…,âœ…,
property,dateModified,âœ…,âœ…,âœ…,âœ…,
property,datePosted,âœ…,âœ…,âœ…,âœ…,
property,datePublished,âœ…,âœ…,âœ…,âœ…,
property,dayOfWeek,âœ…,âœ…,âœ…,âœ…,
property,deathDate,âœ…,âœ…,âœ…,âœ…,
property,deathPlace,âœ…,âœ…,âœ…,âœ…,
property,deliveryLeadTime,âœ…,âœ…,âœ…,âœ…,
property,deliveryTime,âœ…,âœ…,âœ…,âœ…,
property,department,âœ…,âœ…,âœ…,âœ…,
property,departureTime,âœ…,âœ…,âœ…,âœ…,
property,depth,âœ…,âœ…,âœ…,âœ…,
property,description,âœ…,âœ…,âœ…,âœ…,
property,device,âœ…,âœ…,âœ…,âœ…,
property,diagnosis,âœ…,âœ…,âœ…,âœ…,
property,diagram,âœ…,âœ…,âœ…,âœ…,
property,dietFeatures,âœ…,âœ…,âœ…,âœ…,
property,differentialDiagnosis,âœ…,âœ…,âœ…,âœ…,
property,digitalSourceType,âœ…,âœ…,âœ…,âœ…,
property,director,âœ…,âœ…,âœ…,âœ…,
property,directors,âœ…,âœ…,âœ…,âœ…,
property,disambiguatingDescription,âœ…,âœ…,âœ…,âœ…,
property,discussionUrl,âœ…,âœ…,âœ…,âœ…,
property,displayLocation,âœ…,âœ…,âœ…,âœ…,
property,dissolutionDate,âœ…,âœ…,âœ…,âœ…,
property,distinguishingSign,âœ…,âœ…,âœ…,âœ…,
property,distribution,âœ…,âœ…,âœ…,âœ…,
property,diversityPolicy,âœ…,âœ…,âœ…,âœ…,
property,diversityStaffingReport,âœ…,âœ…,âœ…,âœ…,
property,doesNotShip,âœ…,âœ…,âœ…,âœ…,
property,domainIncludes,âœ…,âœ…,âœ…,âœ…,
property,doorTime,âœ…,âœ…,âœ…,âœ…,
property,dosageForm,âœ…,âœ…,âœ…,âœ…,
property,doseSchedule,âœ…,âœ…,âœ…,âœ…,
property,doseUnit,âœ…,âœ…,âœ…,âœ…,
property,doseValue,âœ…,âœ…,âœ…,âœ…,
property,downloadUrl,âœ…,âœ…,âœ…,âœ…,
property,downPayment,âœ…,âœ…,âœ…,âœ…,
property,downvoteCount,âœ…,âœ…,âœ…,âœ…,
property,drug,âœ…,âœ…,âœ…,âœ…,
property,drugClass,âœ…,âœ…,âœ…,âœ…,
property,drugUnit,âœ…,âœ…,âœ…,âœ…,
property,duns,âœ…,âœ…,âœ…,âœ…,
property,duplicateTherapy,âœ…,âœ…,âœ…,âœ…,
property,duration,âœ…,âœ…,âœ…,âœ…,
property,durationOfWarranty,âœ…,âœ…,âœ…,âœ…,
property,earlyPrepaymentPenalty,âœ…,âœ…,âœ…,âœ…,
property,editEIDR,âœ…,âœ…,âœ…,âœ…,
property,editor,âœ…,âœ…,âœ…,âœ…,
property,educationalAlignment,âœ…,âœ…,âœ…,âœ…,
property,educationalFramework,âœ…,âœ…,âœ…,âœ…,
property,educationalLevel,âœ…,âœ…,âœ…,âœ…,
property,educationalUse,âœ…,âœ…,âœ…,âœ…,
property,educationRequirements,âœ…,âœ…,âœ…,âœ…,
property,elevation,âœ…,âœ…,âœ…,âœ…,
property,eligibleCustomerType,âœ…,âœ…,âœ…,âœ…,
property,eligibleDuration,âœ…,âœ…,âœ…,âœ…,
property,eligibleQuantity,âœ…,âœ…,âœ…,âœ…,
property,eligibleRegion,âœ…,âœ…,âœ…,âœ…,
property,eligibleTransactionVolume,âœ…,âœ…,âœ…,âœ…,
property,email,âœ…,âœ…,âœ…,âœ…,
property,embeddedTextCaption,âœ…,âœ…,âœ…,âœ…,
property,embedUrl,âœ…,âœ…,âœ…,âœ…,
property,employee,âœ…,âœ…,âœ…,âœ…,
property,employees,âœ…,âœ…,âœ…,âœ…,
property,encodesBioChemEntity,âœ…,âœ…,âœ…,âœ…,
property,encodesCreativeWork,âœ…,âœ…,âœ…,âœ…,
property,encoding,âœ…,âœ…,âœ…,âœ…,
property,encodingFormat,âœ…,âœ…,âœ…,âœ…,
property,encodings,âœ…,âœ…,âœ…,âœ…,
property,encodingType,âœ…,âœ…,âœ…,âœ…,
property,endDate,âœ…,âœ…,âœ…,âœ…,
property,endOffset,âœ…,âœ…,âœ…,âœ…,
property,endorsers,âœ…,âœ…,âœ…,âœ…,
property,endTime,âœ…,âœ…,âœ…,âœ…,
property,energyEfficiencyScaleMax,âœ…,âœ…,âœ…,âœ…,
property,energyEfficiencyScaleMin,âœ…,âœ…,âœ…,âœ…,
property,epidemiology,âœ…,âœ…,âœ…,âœ…,
property,episode,âœ…,âœ…,âœ…,âœ…,
property,episodeNumber,âœ…,âœ…,âœ…,âœ…,
property,episodes,âœ…,âœ…,âœ…,âœ…,
property,error,âœ…,âœ…,âœ…,âœ…,
property,estimatedCost,âœ…,âœ…,âœ…,âœ…,
property,estimatedSalary,âœ…,âœ…,âœ…,âœ…,
property,ethicsPolicy,âœ…,âœ…,âœ…,âœ…,
property,event,âœ…,âœ…,âœ…,âœ…,
property,eventAttendanceMode,âœ…,âœ…,âœ…,âœ…,
property,events,âœ…,âœ…,âœ…,âœ…,
property,eventSchedule,âœ…,âœ…,âœ…,âœ…,
property,eventStatus,âœ…,âœ…,âœ…,âœ…,
property,evidenceLevel,âœ…,âœ…,âœ…,âœ…,
property,evidenceOrigin,âœ…,âœ…,âœ…,âœ…,
property,exampleOfWork,âœ…,âœ…,âœ…,âœ…,
property,exceptDate,âœ…,âœ…,âœ…,âœ…,
property,exifData,âœ…,âœ…,âœ…,âœ…,
property,expectedPrognosis,âœ…,âœ…,âœ…,âœ…,
property,expectsAcceptanceOf,âœ…,âœ…,âœ…,âœ…,
property,experienceRequirements,âœ…,âœ…,âœ…,âœ…,
property,expertConsiderations,âœ…,âœ…,âœ…,âœ…,
property,expires,âœ…,âœ…,âœ…,âœ…,
property,expressedIn,âœ…,âœ…,âœ…,âœ…,
property,extendedAddress,âœ…,âœ…,âœ…,âœ…,
property,familyName,âœ…,âœ…,âœ…,âœ…,
property,fatContent,âœ…,âœ…,âœ…,âœ…,
property,faxNumber,âœ…,âœ…,âœ…,âœ…,
property,featureList,âœ…,âœ…,âœ…,âœ…,
property,feesAndCommissionsSpecification,âœ…,âœ…,âœ…,âœ…,
property,fiberContent,âœ…,âœ…,âœ…,âœ…,
property,fileFormat,âœ…,âœ…,âœ…,âœ…,
property,fileSize,âœ…,âœ…,âœ…,âœ…,
property,firstAppearance,âœ…,âœ…,âœ…,âœ…,
property,firstPerformance,âœ…,âœ…,âœ…,âœ…,
property,floorLimit,âœ…,âœ…,âœ…,âœ…,
property,follows,âœ…,âœ…,âœ…,âœ…,
property,followup,âœ…,âœ…,âœ…,âœ…,
property,foodWarning,âœ…,âœ…,âœ…,âœ…,
property,founder,âœ…,âœ…,âœ…,âœ…,
property,founders,âœ…,âœ…,âœ…,âœ…,
property,foundingDate,âœ…,âœ…,âœ…,âœ…,
property,foundingLocation,âœ…,âœ…,âœ…,âœ…,
property,free,âœ…,âœ…,âœ…,âœ…,
property,freeShippingThreshold,âœ…,âœ…,âœ…,âœ…,
property,frequency,âœ…,âœ…,âœ…,âœ…,
property,fulfillmentType,âœ…,âœ…,âœ…,âœ…,
property,fundedItem,âœ…,âœ…,âœ…,âœ…,
property,funder,âœ…,âœ…,âœ…,âœ…,
property,funding,âœ…,âœ…,âœ…,âœ…,
property,gender,âœ…,âœ…,âœ…,âœ…,
property,genre,âœ…,âœ…,âœ…,âœ…,
property,geo,âœ…,âœ…,âœ…,âœ…,
property,geoContains,âœ…,âœ…,âœ…,âœ…,
property,geoCoveredBy,âœ…,âœ…,âœ…,âœ…,
property,geoCovers,âœ…,âœ…,âœ…,âœ…,
property,geoCrosses,âœ…,âœ…,âœ…,âœ…,
property,geoDisjoint,âœ…,âœ…,âœ…,âœ…,
property,geoEquals,âœ…,âœ…,âœ…,âœ…,
property,geographicArea,âœ…,âœ…,âœ…,âœ…,
property,geoIntersects,âœ…,âœ…,âœ…,âœ…,
property,geoOverlaps,âœ…,âœ…,âœ…,âœ…,
property,geoTouches,âœ…,âœ…,âœ…,âœ…,
property,geoWithin,âœ…,âœ…,âœ…,âœ…,
property,givenName,âœ…,âœ…,âœ…,âœ…,
property,globalLocationNumber,âœ…,âœ…,âœ…,âœ…,
property,gracePeriod,âœ…,âœ…,âœ…,âœ…,
property,gtin,âœ…,âœ…,âœ…,âœ…,
property,gtin12,âœ…,âœ…,âœ…,âœ…,
property,gtin13,âœ…,âœ…,âœ…,âœ…,
property,gtin14,âœ…,âœ…,âœ…,âœ…,
property,gtin8,âœ…,âœ…,âœ…,âœ…,
property,guideline,âœ…,âœ…,âœ…,âœ…,
property,guidelineDate,âœ…,âœ…,âœ…,âœ…,
property,guidelineSubject,âœ…,âœ…,âœ…,âœ…,
property,handlingTime,âœ…,âœ…,âœ…,âœ…,
property,hasAdultConsideration,âœ…,âœ…,âœ…,âœ…,
property,hasBioChemEntityPart,âœ…,âœ…,âœ…,âœ…,
property,hasBioPolymerSequence,âœ…,âœ…,âœ…,âœ…,
property,hasBroadcastChannel,âœ…,âœ…,âœ…,âœ…,
property,hasCategoryCode,âœ…,âœ…,âœ…,âœ…,
property,hasCertification,âœ…,âœ…,âœ…,âœ…,
property,hasCredential,âœ…,âœ…,âœ…,âœ…,
property,hasDefinedTerm,âœ…,âœ…,âœ…,âœ…,
property,hasDriveThroughService,âœ…,âœ…,âœ…,âœ…,
property,hasEnergyConsumptionDetails,âœ…,âœ…,âœ…,âœ…,
property,hasEnergyEfficiencyCategory,âœ…,âœ…,âœ…,âœ…,
property,hasGS1DigitalLink,âœ…,âœ…,âœ…,âœ…,
property,hasMap,âœ…,âœ…,âœ…,âœ…,
property,hasMeasurement,âœ…,âœ…,âœ…,âœ…,
property,hasMemberProgram,âœ…,âœ…,âœ…,âœ…,
property,hasMenuItem,âœ…,âœ…,âœ…,âœ…,
property,hasMenuSection,âœ…,âœ…,âœ…,âœ…,
property,hasMerchantReturnPolicy,âœ…,âœ…,âœ…,âœ…,
property,hasMolecularFunction,âœ…,âœ…,âœ…,âœ…,
property,hasOccupation,âœ…,âœ…,âœ…,âœ…,
property,hasOfferCatalog,âœ…,âœ…,âœ…,âœ…,
property,hasPart,âœ…,âœ…,âœ…,âœ…,
property,hasParticipationOffer,âœ…,âœ…,âœ…,âœ…,
property,hasPOS,âœ…,âœ…,âœ…,âœ…,
property,hasRepresentation,âœ…,âœ…,âœ…,âœ…,
property,hasShippingService,âœ…,âœ…,âœ…,âœ…,
property,hasSponsorshipOffer,âœ…,âœ…,âœ…,âœ…,
property,hasTierBenefit,âœ…,âœ…,âœ…,âœ…,
property,hasTierRequirement,âœ…,âœ…,âœ…,âœ…,
property,hasTiers,âœ…,âœ…,âœ…,âœ…,
property,hasVariant,âœ…,âœ…,âœ…,âœ…,
property,headline,âœ…,âœ…,âœ…,âœ…,
property,healthCondition,âœ…,âœ…,âœ…,âœ…,
property,healthPlanCoinsuranceOption,âœ…,âœ…,âœ…,âœ…,
property,healthPlanCoinsuranceRate,âœ…,âœ…,âœ…,âœ…,
property,healthPlanCopay,âœ…,âœ…,âœ…,âœ…,
property,healthPlanCopayOption,âœ…,âœ…,âœ…,âœ…,
property,healthPlanCostSharing,âœ…,âœ…,âœ…,âœ…,
property,healthPlanDrugOption,âœ…,âœ…,âœ…,âœ…,
property,healthPlanDrugTier,âœ…,âœ…,âœ…,âœ…,
property,healthPlanId,âœ…,âœ…,âœ…,âœ…,
property,healthPlanMarketingUrl,âœ…,âœ…,âœ…,âœ…,
property,healthPlanNetworkId,âœ…,âœ…,âœ…,âœ…,
property,healthPlanNetworkTier,âœ…,âœ…,âœ…,âœ…,
property,healthPlanPharmacyCategory,âœ…,âœ…,âœ…,âœ…,
property,height,âœ…,âœ…,âœ…,âœ…,
property,highPrice,âœ…,âœ…,âœ…,âœ…,
property,homeLocation,âœ…,âœ…,âœ…,âœ…,
property,honorificPrefix,âœ…,âœ…,âœ…,âœ…,
property,honorificSuffix,âœ…,âœ…,âœ…,âœ…,
property,hostingOrganization,âœ…,âœ…,âœ…,âœ…,
property,hoursAvailable,âœ…,âœ…,âœ…,âœ…,
property,howPerformed,âœ…,âœ…,âœ…,âœ…,
property,httpMethod,âœ…,âœ…,âœ…,âœ…,
property,identifier,âœ…,âœ…,âœ…,âœ…,
property,identifyingExam,âœ…,âœ…,âœ…,âœ…,
property,identifyingTest,âœ…,âœ…,âœ…,âœ…,
property,image,âœ…,âœ…,âœ…,âœ…,
property,inAlbum,âœ…,âœ…,âœ…,âœ…,
property,inBroadcastLineup,âœ…,âœ…,âœ…,âœ…,
property,includedComposition,âœ…,âœ…,âœ…,âœ…,
property,includedDataCatalog,âœ…,âœ…,âœ…,âœ…,
property,includedInDataCatalog,âœ…,âœ…,âœ…,âœ…,
property,includedInHealthInsurancePlan,âœ…,âœ…,âœ…,âœ…,
property,includesHealthPlanFormulary,âœ…,âœ…,âœ…,âœ…,
property,includesHealthPlanNetwork,âœ…,âœ…,âœ…,âœ…,
property,includesObject,âœ…,âœ…,âœ…,âœ…,
property,inCodeSet,âœ…,âœ…,âœ…,âœ…,
property,increasesRiskOf,âœ…,âœ…,âœ…,âœ…,
property,inDefinedTermSet,âœ…,âœ…,âœ…,âœ…,
property,ineligibleRegion,âœ…,âœ…,âœ…,âœ…,
property,inLanguage,âœ…,âœ…,âœ…,âœ…,
property,inPlaylist,âœ…,âœ…,âœ…,âœ…,
property,inProductGroupWithID,âœ…,âœ…,âœ…,âœ…,
property,installUrl,âœ…,âœ…,âœ…,âœ…,
property,inStoreReturnsOffered,âœ…,âœ…,âœ…,âœ…,
property,instrument,âœ…,âœ…,âœ…,âœ…,
property,interactingDrug,âœ…,âœ…,âœ…,âœ…,
property,interactionService,âœ…,âœ…,âœ…,âœ…,
property,interactionStatistic,âœ…,âœ…,âœ…,âœ…,
property,interactionType,âœ…,âœ…,âœ…,âœ…,
property,interactivityType,âœ…,âœ…,âœ…,âœ…,
property,interestRate,âœ…,âœ…,âœ…,âœ…,
property,interpretedAsClaim,âœ…,âœ…,âœ…,âœ…,
property,inventoryLevel,âœ…,âœ…,âœ…,âœ…,
property,inverseOf,âœ…,âœ…,âœ…,âœ…,
property,isAccessibleForFree,âœ…,âœ…,âœ…,âœ…,
property,isAccessoryOrSparePartFor,âœ…,âœ…,âœ…,âœ…,
property,isAvailableGenerically,âœ…,âœ…,âœ…,âœ…,
property,isBasedOn,âœ…,âœ…,âœ…,âœ…,
property,isBasedOnUrl,âœ…,âœ…,âœ…,âœ…,
property,isConsumableFor,âœ…,âœ…,âœ…,âœ…,
property,isEncodedByBioChemEntity,âœ…,âœ…,âœ…,âœ…,
property,isFamilyFriendly,âœ…,âœ…,âœ…,âœ…,
property,isicV4,âœ…,âœ…,âœ…,âœ…,
property,isInvolvedInBiologicalProcess,âœ…,âœ…,âœ…,âœ…,
property,isLocatedInSubcellularLocation,âœ…,âœ…,âœ…,âœ…,
property,iso6523Code,âœ…,âœ…,âœ…,âœ…,
property,isPartOf,âœ…,âœ…,âœ…,âœ…,
property,isPartOfBioChemEntity,âœ…,âœ…,âœ…,âœ…,
property,isProprietary,âœ…,âœ…,âœ…,âœ…,
property,isrcCode,âœ…,âœ…,âœ…,âœ…,
property,isRelatedTo,âœ…,âœ…,âœ…,âœ…,
property,isSimilarTo,âœ…,âœ…,âœ…,âœ…,
property,issn,âœ…,âœ…,âœ…,âœ…,
property,issuedBy,âœ…,âœ…,âœ…,âœ…,
property,isTierOf,âœ…,âœ…,âœ…,âœ…,
property,isUnlabelledFallback,âœ…,âœ…,âœ…,âœ…,
property,isVariantOf,âœ…,âœ…,âœ…,âœ…,
property,iswcCode,âœ…,âœ…,âœ…,âœ…,
property,item,âœ…,âœ…,âœ…,âœ…,
property,itemCondition,âœ…,âœ…,âœ…,âœ…,
property,itemDefectReturnFees,âœ…,âœ…,âœ…,âœ…,
property,itemDefectReturnLabelSource,âœ…,âœ…,âœ…,âœ…,
property,itemDefectReturnShippingFeesAmount,âœ…,âœ…,âœ…,âœ…,
property,itemListElement,âœ…,âœ…,âœ…,âœ…,âœ…
property,itemListOrder,âœ…,âœ…,âœ…,âœ…,
property,itemOffered,âœ…,âœ…,âœ…,âœ…,
property,itemReviewed,âœ…,âœ…,âœ…,âœ…,
property,itinerary,âœ…,âœ…,âœ…,âœ…,
property,jobTitle,âœ…,âœ…,âœ…,âœ…,
property,keywords,âœ…,âœ…,âœ…,âœ…,
property,knows,âœ…,âœ…,âœ…,âœ…,
property,knowsAbout,âœ…,âœ…,âœ…,âœ…,
property,knowsLanguage,âœ…,âœ…,âœ…,âœ…,
property,labelDetails,âœ…,âœ…,âœ…,âœ…,
property,lastReviewed,âœ…,âœ…,âœ…,âœ…,
property,latitude,âœ…,âœ…,âœ…,âœ…,
property,learningResourceType,âœ…,âœ…,âœ…,âœ…,
property,leaseLength,âœ…,âœ…,âœ…,âœ…,
property,legalAddress,âœ…,âœ…,âœ…,âœ…,
property,legalName,âœ…,âœ…,âœ…,âœ…,
property,legalRepresentative,âœ…,âœ…,âœ…,âœ…,
property,legalStatus,âœ…,âœ…,âœ…,âœ…,
property,leiCode,âœ…,âœ…,âœ…,âœ…,
property,license,âœ…,âœ…,âœ…,âœ…,
property,lifeEvent,âœ…,âœ…,âœ…,âœ…,
property,line,âœ…,âœ…,âœ…,âœ…,
property,loanPaymentAmount,âœ…,âœ…,âœ…,âœ…,
property,loanPaymentFrequency,âœ…,âœ…,âœ…,âœ…,
property,loanRepaymentForm,âœ…,âœ…,âœ…,âœ…,
property,loanTerm,âœ…,âœ…,âœ…,âœ…,
property,loanType,âœ…,âœ…,âœ…,âœ…,
property,location,âœ…,âœ…,âœ…,âœ…,
property,locationCreated,âœ…,âœ…,âœ…,âœ…,
property,logo,âœ…,âœ…,âœ…,âœ…,
property,longitude,âœ…,âœ…,âœ…,âœ…,
property,lowPrice,âœ…,âœ…,âœ…,âœ…,
property,lyricist,âœ…,âœ…,âœ…,âœ…,
property,lyrics,âœ…,âœ…,âœ…,âœ…,
property,mainContentOfPage,âœ…,âœ…,âœ…,âœ…,
property,mainEntity,âœ…,âœ…,âœ…,âœ…,
property,mainEntityOfPage,âœ…,âœ…,âœ…,âœ…,
property,maintainer,âœ…,âœ…,âœ…,âœ…,
property,makesOffer,âœ…,âœ…,âœ…,âœ…,
property,manufacturer,âœ…,âœ…,âœ…,âœ…,
property,map,âœ…,âœ…,âœ…,âœ…,
property,maps,âœ…,âœ…,âœ…,âœ…,
property,mapType,âœ…,âœ…,âœ…,âœ…,
property,material,âœ…,âœ…,âœ…,âœ…,
property,materialExtent,âœ…,âœ…,âœ…,âœ…,
property,maximumAttendeeCapacity,âœ…,âœ…,âœ…,âœ…,
property,maximumIntake,âœ…,âœ…,âœ…,âœ…,
property,maximumPhysicalAttendeeCapacity,âœ…,âœ…,âœ…,âœ…,
property,maximumVirtualAttendeeCapacity,âœ…,âœ…,âœ…,âœ…,
property,maxPrice,âœ…,âœ…,âœ…,âœ…,
property,maxValue,âœ…,âœ…,âœ…,âœ…,
property,measuredProperty,âœ…,âœ…,âœ…,âœ…,
property,measurementDenominator,âœ…,âœ…,âœ…,âœ…,
property,measurementMethod,âœ…,âœ…,âœ…,âœ…,
property,measurementQualifier,âœ…,âœ…,âœ…,âœ…,
property,measurementTechnique,âœ…,âœ…,âœ…,âœ…,
property,mechanismOfAction,âœ…,âœ…,âœ…,âœ…,
property,median,âœ…,âœ…,âœ…,âœ…,
property,medicalAudience,âœ…,âœ…,âœ…,âœ…,
property,medicineSystem,âœ…,âœ…,âœ…,âœ…,
property,member,âœ…,âœ…,âœ…,âœ…,
property,memberOf,âœ…,âœ…,âœ…,âœ…,
property,members,âœ…,âœ…,âœ…,âœ…,
property,membershipNumber,âœ…,âœ…,âœ…,âœ…,
property,membershipPointsEarned,âœ…,âœ…,âœ…,âœ…,
property,memoryRequirements,âœ…,âœ…,âœ…,âœ…,
property,mentions,âœ…,âœ…,âœ…,âœ…,
property,menuAddOn,âœ…,âœ…,âœ…,âœ…,
property,merchantReturnDays,âœ…,âœ…,âœ…,âœ…,
property,merchantReturnLink,âœ…,âœ…,âœ…,âœ…,
property,minPrice,âœ…,âœ…,âœ…,âœ…,
property,minValue,âœ…,âœ…,âœ…,âœ…,
property,mobileUrl,âœ…,âœ…,âœ…,âœ…,
property,model,âœ…,âœ…,âœ…,âœ…,
property,monthlyMinimumRepaymentAmount,âœ…,âœ…,âœ…,âœ…,
property,monthsOfExperience,âœ…,âœ…,âœ…,âœ…,
property,mpn,âœ…,âœ…,âœ…,âœ…,
property,musicalKey,âœ…,âœ…,âœ…,âœ…,
property,musicArrangement,âœ…,âœ…,âœ…,âœ…,
property,musicBy,âœ…,âœ…,âœ…,âœ…,
property,musicCompositionForm,âœ…,âœ…,âœ…,âœ…,
property,musicGroupMember,âœ…,âœ…,âœ…,âœ…,
property,musicReleaseFormat,âœ…,âœ…,âœ…,âœ…,
property,naics,âœ…,âœ…,âœ…,âœ…,
property,name,âœ…,âœ…,âœ…,âœ…,
property,nationality,âœ…,âœ…,âœ…,âœ…,
property,naturalProgression,âœ…,âœ…,âœ…,âœ…,
property,negativeNotes,âœ…,âœ…,âœ…,âœ…,
property,netWorth,âœ…,âœ…,âœ…,âœ…,
property,nextItem,âœ…,âœ…,âœ…,âœ…,
property,nonprofitStatus,âœ…,âœ…,âœ…,âœ…,
property,nonProprietaryName,âœ…,âœ…,âœ…,âœ…,
property,normalRange,âœ…,âœ…,âœ…,âœ…,
property,nsn,âœ…,âœ…,âœ…,âœ…,
property,numberOfEmployees,âœ…,âœ…,âœ…,âœ…,
property,numberOfEpisodes,âœ…,âœ…,âœ…,âœ…,
property,numberOfItems,âœ…,âœ…,âœ…,âœ…,
property,numberOfLoanPayments,âœ…,âœ…,âœ…,âœ…,
property,numConstraints,âœ…,âœ…,âœ…,âœ…,
property,numItems,âœ…,âœ…,âœ…,âœ…,
property,numTracks,âœ…,âœ…,âœ…,âœ…,
property,nutrition,âœ…,âœ…,âœ…,âœ…,
property,object,âœ…,âœ…,âœ…,âœ…,
property,occupationalCategory,âœ…,âœ…,âœ…,âœ…,
property,occupationLocation,âœ…,âœ…,âœ…,âœ…,
property,offerCount,âœ…,âœ…,âœ…,âœ…,
property,offeredBy,âœ…,âœ…,âœ…,âœ…,
property,offers,âœ…,âœ…,âœ…,âœ…,âœ…
property,offersPrescriptionByMail,âœ…,âœ…,âœ…,âœ…,
property,openingHours,âœ…,âœ…,âœ…,âœ…,
property,openingHoursSpecification,âœ…,âœ…,âœ…,âœ…,
property,opens,âœ…,âœ…,âœ…,âœ…,
property,operatingSystem,âœ…,âœ…,âœ…,âœ…,
property,orderPercentage,âœ…,âœ…,âœ…,âœ…,
property,orderValue,âœ…,âœ…,âœ…,âœ…,
property,organizer,âœ…,âœ…,âœ…,âœ…,
property,overdosage,âœ…,âœ…,âœ…,âœ…,
property,owner,âœ…,âœ…,âœ…,âœ…,
property,ownershipFundingInfo,âœ…,âœ…,âœ…,âœ…,
property,owns,âœ…,âœ…,âœ…,âœ…,
property,pageEnd,âœ…,âœ…,âœ…,âœ…,
property,pageStart,âœ…,âœ…,âœ…,âœ…,
property,pagination,âœ…,âœ…,âœ…,âœ…,
property,parent,âœ…,âœ…,âœ…,âœ…,
property,parentItem,âœ…,âœ…,âœ…,âœ…,
property,parentOrganization,âœ…,âœ…,âœ…,âœ…,
property,parents,âœ…,âœ…,âœ…,âœ…,
property,parentService,âœ…,âœ…,âœ…,âœ…,
property,parentTaxon,âœ…,âœ…,âœ…,âœ…,
property,participant,âœ…,âœ…,âœ…,âœ…,
property,partOfEpisode,âœ…,âœ…,âœ…,âœ…,
property,partOfSeason,âœ…,âœ…,âœ…,âœ…,
property,partOfSeries,âœ…,âœ…,âœ…,âœ…,
property,partOfSystem,âœ…,âœ…,âœ…,âœ…,
property,partOfTrip,âœ…,âœ…,âœ…,âœ…,
property,pathophysiology,âœ…,âœ…,âœ…,âœ…,
property,pattern,âœ…,âœ…,âœ…,âœ…,
property,paymentMethodType,âœ…,âœ…,âœ…,âœ…,
property,percentile10,âœ…,âœ…,âœ…,âœ…,
property,percentile25,âœ…,âœ…,âœ…,âœ…,
property,percentile75,âœ…,âœ…,âœ…,âœ…,
property,percentile90,âœ…,âœ…,âœ…,âœ…,
property,performer,âœ…,âœ…,âœ…,âœ…,
property,performerIn,âœ…,âœ…,âœ…,âœ…,
property,performers,âœ…,âœ…,âœ…,âœ…,
property,performTime,âœ…,âœ…,âœ…,âœ…,
property,permissions,âœ…,âœ…,âœ…,âœ…,
property,photo,âœ…,âœ…,âœ…,âœ…,
property,photos,âœ…,âœ…,âœ…,âœ…,
property,physiologicalBenefits,âœ…,âœ…,âœ…,âœ…,
property,playerType,âœ…,âœ…,âœ…,âœ…,
property,polygon,âœ…,âœ…,âœ…,âœ…,
property,populationType,âœ…,âœ…,âœ…,âœ…,
property,position,âœ…,âœ…,âœ…,âœ…,
property,positiveNotes,âœ…,âœ…,âœ…,âœ…,
property,possibleComplication,âœ…,âœ…,âœ…,âœ…,
property,possibleTreatment,âœ…,âœ…,âœ…,âœ…,
property,postalCode,âœ…,âœ…,âœ…,âœ…,
property,postalCodeBegin,âœ…,âœ…,âœ…,âœ…,
property,postalCodeEnd,âœ…,âœ…,âœ…,âœ…,
property,postalCodePrefix,âœ…,âœ…,âœ…,âœ…,
property,postalCodeRange,âœ…,âœ…,âœ…,âœ…,
property,postOfficeBoxNumber,âœ…,âœ…,âœ…,âœ…,
property,postOp,âœ…,âœ…,âœ…,âœ…,
property,potentialAction,âœ…,âœ…,âœ…,âœ…,âœ…
property,predecessorOf,âœ…,âœ…,âœ…,âœ…,
property,pregnancyCategory,âœ…,âœ…,âœ…,âœ…,
property,pregnancyWarning,âœ…,âœ…,âœ…,âœ…,
property,preOp,âœ…,âœ…,âœ…,âœ…,
property,preparation,âœ…,âœ…,âœ…,âœ…,
property,prepTime,âœ…,âœ…,âœ…,âœ…,
property,prescribingInfo,âœ…,âœ…,âœ…,âœ…,
property,prescriptionStatus,âœ…,âœ…,âœ…,âœ…,
property,previousItem,âœ…,âœ…,âœ…,âœ…,
property,previousStartDate,âœ…,âœ…,âœ…,âœ…,
property,price,âœ…,âœ…,âœ…,âœ…,
property,priceComponentType,âœ…,âœ…,âœ…,âœ…,
property,priceCurrency,âœ…,âœ…,âœ…,âœ…,
property,priceSpecification,âœ…,âœ…,âœ…,âœ…,
property,priceType,âœ…,âœ…,âœ…,âœ…,
property,priceValidUntil,âœ…,âœ…,âœ…,âœ…,
property,primaryImageOfPage,âœ…,âœ…,âœ…,âœ…,
property,primaryPrevention,âœ…,âœ…,âœ…,âœ…,
property,printColumn,âœ…,âœ…,âœ…,âœ…,
property,printEdition,âœ…,âœ…,âœ…,âœ…,
property,printPage,âœ…,âœ…,âœ…,âœ…,
property,printSection,âœ…,âœ…,âœ…,âœ…,
property,procedure,âœ…,âœ…,âœ…,âœ…,
property,procedureType,âœ…,âœ…,âœ…,âœ…,
property,processingTime,âœ…,âœ…,âœ…,âœ…,
property,processorRequirements,âœ…,âœ…,âœ…,âœ…,
property,producer,âœ…,âœ…,âœ…,âœ…,
property,produces,âœ…,âœ…,âœ…,âœ…,
property,productGroupID,âœ…,âœ…,âœ…,âœ…,
property,productID,âœ…,âœ…,âœ…,âœ…,
property,productionCompany,âœ…,âœ…,âœ…,âœ…,
property,productionDate,âœ…,âœ…,âœ…,âœ…,
property,productSupported,âœ…,âœ…,âœ…,âœ…,
property,program,âœ…,âœ…,âœ…,âœ…,
property,programName,âœ…,âœ…,âœ…,âœ…,
property,pronouns,âœ…,âœ…,âœ…,âœ…,
property,propertyID,âœ…,âœ…,âœ…,âœ…,
property,proprietaryName,âœ…,âœ…,âœ…,âœ…,
property,proteinContent,âœ…,âœ…,âœ…,âœ…,
property,provider,âœ…,âœ…,âœ…,âœ…,
property,providerMobility,âœ…,âœ…,âœ…,âœ…,
property,providesBroadcastService,âœ…,âœ…,âœ…,âœ…,
property,providesService,âœ…,âœ…,âœ…,âœ…,
property,publicAccess,âœ…,âœ…,âœ…,âœ…,
property,publication,âœ…,âœ…,âœ…,âœ…,
property,publishedBy,âœ…,âœ…,âœ…,âœ…,
property,publishedOn,âœ…,âœ…,âœ…,âœ…,
property,publisher,âœ…,âœ…,âœ…,âœ…,
property,publisherImprint,âœ…,âœ…,âœ…,âœ…,
property,publishingPrinciples,âœ…,âœ…,âœ…,âœ…,
property,purchaseDate,âœ…,âœ…,âœ…,âœ…,
property,qualifications,âœ…,âœ…,âœ…,âœ…,
property,rangeIncludes,âœ…,âœ…,âœ…,âœ…,
property,ratingCount,âœ…,âœ…,âœ…,âœ…,
property,ratingExplanation,âœ…,âœ…,âœ…,âœ…,
property,ratingValue,âœ…,âœ…,âœ…,âœ…,
property,recognizedBy,âœ…,âœ…,âœ…,âœ…,
property,recognizingAuthority,âœ…,âœ…,âœ…,âœ…,
property,recordedAs,âœ…,âœ…,âœ…,âœ…,
property,recordedAt,âœ…,âœ…,âœ…,âœ…,
property,recordedIn,âœ…,âœ…,âœ…,âœ…,
property,recordingOf,âœ…,âœ…,âœ…,âœ…,
property,recordLabel,âœ…,âœ…,âœ…,âœ…,
property,recourseLoan,âœ…,âœ…,âœ…,âœ…,
property,referenceQuantity,âœ…,âœ…,âœ…,âœ…,
property,refundType,âœ…,âœ…,âœ…,âœ…,
property,regionsAllowed,âœ…,âœ…,âœ…,âœ…,
property,relatedAnatomy,âœ…,âœ…,âœ…,âœ…,
property,relatedCondition,âœ…,âœ…,âœ…,âœ…,
property,relatedDrug,âœ…,âœ…,âœ…,âœ…,
property,relatedLink,âœ…,âœ…,âœ…,âœ…,
property,relatedStructure,âœ…,âœ…,âœ…,âœ…,
property,relatedTherapy,âœ…,âœ…,âœ…,âœ…,
property,relatedTo,âœ…,âœ…,âœ…,âœ…,
property,releaseDate,âœ…,âœ…,âœ…,âœ…,
property,releasedEvent,âœ…,âœ…,âœ…,âœ…,
property,releaseNotes,âœ…,âœ…,âœ…,âœ…,
property,releaseOf,âœ…,âœ…,âœ…,âœ…,
property,relevantSpecialty,âœ…,âœ…,âœ…,âœ…,
property,remainingAttendeeCapacity,âœ…,âœ…,âœ…,âœ…,
property,renegotiableLoan,âœ…,âœ…,âœ…,âœ…,
property,repeatCount,âœ…,âœ…,âœ…,âœ…,
property,repeatFrequency,âœ…,âœ…,âœ…,âœ…,
property,representativeOfPage,âœ…,âœ…,âœ…,âœ…,
property,requiredCollateral,âœ…,âœ…,âœ…,âœ…,
property,requiredGender,âœ…,âœ…,âœ…,âœ…,
property,requiredMaxAge,âœ…,âœ…,âœ…,âœ…,
property,requiredMinAge,âœ…,âœ…,âœ…,âœ…,
property,requiredQuantity,âœ…,âœ…,âœ…,âœ…,
property,requirements,âœ…,âœ…,âœ…,âœ…,
property,requiresSubscription,âœ…,âœ…,âœ…,âœ…,
property,responsibilities,âœ…,âœ…,âœ…,âœ…,
property,restockingFee,âœ…,âœ…,âœ…,âœ…,
property,result,âœ…,âœ…,âœ…,âœ…,
property,returnFees,âœ…,âœ…,âœ…,âœ…,
property,returnLabelSource,âœ…,âœ…,âœ…,âœ…,
property,returnMethod,âœ…,âœ…,âœ…,âœ…,
property,returnPolicyCategory,âœ…,âœ…,âœ…,âœ…,
property,returnPolicyCountry,âœ…,âœ…,âœ…,âœ…,
property,returnPolicySeasonalOverride,âœ…,âœ…,âœ…,âœ…,
property,returnShippingFeesAmount,âœ…,âœ…,âœ…,âœ…,
property,review,âœ…,âœ…,âœ…,âœ…,
property,reviewAspect,âœ…,âœ…,âœ…,âœ…,
property,reviewBody,âœ…,âœ…,âœ…,âœ…,
property,reviewCount,âœ…,âœ…,âœ…,âœ…,
property,reviewedBy,âœ…,âœ…,âœ…,âœ…,
property,reviewRating,âœ…,âœ…,âœ…,âœ…,
property,reviews,âœ…,âœ…,âœ…,âœ…,
property,riskFactor,âœ…,âœ…,âœ…,âœ…,
property,risks,âœ…,âœ…,âœ…,âœ…,
property,runtimePlatform,âœ…,âœ…,âœ…,âœ…,
property,rxcui,âœ…,âœ…,âœ…,âœ…,
property,sameAs,âœ…,âœ…,âœ…,âœ…,
property,saturatedFatContent,âœ…,âœ…,âœ…,âœ…,
property,scheduleTimezone,âœ…,âœ…,âœ…,âœ…,
property,schemaVersion,âœ…,âœ…,âœ…,âœ…,
property,screenshot,âœ…,âœ…,âœ…,âœ…,
property,sdDatePublished,âœ…,âœ…,âœ…,âœ…,
property,sdLicense,âœ…,âœ…,âœ…,âœ…,
property,sdPublisher,âœ…,âœ…,âœ…,âœ…,
property,seasonalOverride,âœ…,âœ…,âœ…,âœ…,
property,seasonNumber,âœ…,âœ…,âœ…,âœ…,
property,secondaryPrevention,âœ…,âœ…,âœ…,âœ…,
property,seeks,âœ…,âœ…,âœ…,âœ…,
property,seller,âœ…,âœ…,âœ…,âœ…,
property,serialNumber,âœ…,âœ…,âœ…,âœ…,
property,seriousAdverseOutcome,âœ…,âœ…,âœ…,âœ…,
property,serviceArea,âœ…,âœ…,âœ…,âœ…,
property,serviceAudience,âœ…,âœ…,âœ…,âœ…,
property,serviceLocation,âœ…,âœ…,âœ…,âœ…,
property,serviceOutput,âœ…,âœ…,âœ…,âœ…,
property,servicePhone,âœ…,âœ…,âœ…,âœ…,
property,servicePostalAddress,âœ…,âœ…,âœ…,âœ…,
property,serviceSmsNumber,âœ…,âœ…,âœ…,âœ…,
property,serviceType,âœ…,âœ…,âœ…,âœ…,
property,serviceUrl,âœ…,âœ…,âœ…,âœ…,
property,servingSize,âœ…,âœ…,âœ…,âœ…,
property,sha256,âœ…,âœ…,âœ…,âœ…,
property,sharedContent,âœ…,âœ…,âœ…,âœ…,
property,shippingConditions,âœ…,âœ…,âœ…,âœ…,
property,shippingDestination,âœ…,âœ…,âœ…,âœ…,
property,shippingDetails,âœ…,âœ…,âœ…,âœ…,
property,shippingOrigin,âœ…,âœ…,âœ…,âœ…,
property,shippingRate,âœ…,âœ…,âœ…,âœ…,
property,sibling,âœ…,âœ…,âœ…,âœ…,
property,siblings,âœ…,âœ…,âœ…,âœ…,
property,signDetected,âœ…,âœ…,âœ…,âœ…,
property,significance,âœ…,âœ…,âœ…,âœ…,
property,significantLink,âœ…,âœ…,âœ…,âœ…,
property,significantLinks,âœ…,âœ…,âœ…,âœ…,
property,signOrSymptom,âœ…,âœ…,âœ…,âœ…,
property,size,âœ…,âœ…,âœ…,âœ…,
property,skills,âœ…,âœ…,âœ…,âœ…,
property,sku,âœ…,âœ…,âœ…,âœ…,
property,slogan,âœ…,âœ…,âœ…,âœ…,
property,smokingAllowed,âœ…,âœ…,âœ…,âœ…,
property,sodiumContent,âœ…,âœ…,âœ…,âœ…,
property,softwareAddOn,âœ…,âœ…,âœ…,âœ…,
property,softwareHelp,âœ…,âœ…,âœ…,âœ…,
property,softwareRequirements,âœ…,âœ…,âœ…,âœ…,
property,softwareVersion,âœ…,âœ…,âœ…,âœ…,
property,sourceOrganization,âœ…,âœ…,âœ…,âœ…,
property,spatial,âœ…,âœ…,âœ…,âœ…,
property,spatialCoverage,âœ…,âœ…,âœ…,âœ…,
property,speakable,âœ…,âœ…,âœ…,âœ…,
property,specialOpeningHoursSpecification,âœ…,âœ…,âœ…,âœ…,
property,specialty,âœ…,âœ…,âœ…,âœ…,
property,sponsor,âœ…,âœ…,âœ…,âœ…,
property,spouse,âœ…,âœ…,âœ…,âœ…,
property,stage,âœ…,âœ…,âœ…,âœ…,
property,stageAsNumber,âœ…,âœ…,âœ…,âœ…,
property,startDate,âœ…,âœ…,âœ…,âœ…,
property,startOffset,âœ…,âœ…,âœ…,âœ…,
property,startTime,âœ…,âœ…,âœ…,âœ…,
property,statType,âœ…,âœ…,âœ…,âœ…,
property,status,âœ…,âœ…,âœ…,âœ…,
property,step,âœ…,âœ…,âœ…,âœ…,
property,steps,âœ…,âœ…,âœ…,âœ…,
property,storageRequirements,âœ…,âœ…,âœ…,âœ…,
property,streetAddress,âœ…,âœ…,âœ…,âœ…,
property,strengthUnit,âœ…,âœ…,âœ…,âœ…,
property,strengthValue,âœ…,âœ…,âœ…,âœ…,
property,study,âœ…,âœ…,âœ…,âœ…,
property,studyLocation,âœ…,âœ…,âœ…,âœ…,
property,studySubject,âœ…,âœ…,âœ…,âœ…,
property,subEvent,âœ…,âœ…,âœ…,âœ…,
property,subEvents,âœ…,âœ…,âœ…,âœ…,
property,subjectOf,âœ…,âœ…,âœ…,âœ…,
property,subOrganization,âœ…,âœ…,âœ…,âœ…,
property,subStageSuffix,âœ…,âœ…,âœ…,âœ…,
property,subStructure,âœ…,âœ…,âœ…,âœ…,
property,subTrip,âœ…,âœ…,âœ…,âœ…,
property,successorOf,âœ…,âœ…,âœ…,âœ…,
property,sugarContent,âœ…,âœ…,âœ…,âœ…,
property,suggestedAge,âœ…,âœ…,âœ…,âœ…,
property,suggestedGender,âœ…,âœ…,âœ…,âœ…,
property,suggestedMaxAge,âœ…,âœ…,âœ…,âœ…,
property,suggestedMeasurement,âœ…,âœ…,âœ…,âœ…,
property,suggestedMinAge,âœ…,âœ…,âœ…,âœ…,
property,suitableForDiet,âœ…,âœ…,âœ…,âœ…,
property,superEvent,âœ…,âœ…,âœ…,âœ…,
property,supersededBy,âœ…,âœ…,âœ…,âœ…,
property,supply,âœ…,âœ…,âœ…,âœ…,
property,supportingData,âœ…,âœ…,âœ…,âœ…,
property,target,âœ…,âœ…,âœ…,âœ…,
property,targetDescription,âœ…,âœ…,âœ…,âœ…,
property,targetName,âœ…,âœ…,âœ…,âœ…,
property,targetPopulation,âœ…,âœ…,âœ…,âœ…,
property,targetUrl,âœ…,âœ…,âœ…,âœ…,
property,taxID,âœ…,âœ…,âœ…,âœ…,
property,taxonomicRange,âœ…,âœ…,âœ…,âœ…,
property,taxonRank,âœ…,âœ…,âœ…,âœ…,
property,teaches,âœ…,âœ…,âœ…,âœ…,
property,telephone,âœ…,âœ…,âœ…,âœ…,
property,temporal,âœ…,âœ…,âœ…,âœ…,
property,temporalCoverage,âœ…,âœ…,âœ…,âœ…,
property,termCode,âœ…,âœ…,âœ…,âœ…,
property,termsOfService,âœ…,âœ…,âœ…,âœ…,
property,text,âœ…,âœ…,âœ…,âœ…,
property,thumbnail,âœ…,âœ…,âœ…,âœ…,
property,thumbnailUrl,âœ…,âœ…,âœ…,âœ…,
property,timeRequired,âœ…,âœ…,âœ…,âœ…,
property,tocContinuation,âœ…,âœ…,âœ…,âœ…,
property,tool,âœ…,âœ…,âœ…,âœ…,
property,totalTime,âœ…,âœ…,âœ…,âœ…,
property,tourBookingPage,âœ…,âœ…,âœ…,âœ…,
property,track,âœ…,âœ…,âœ…,âœ…,
property,tracks,âœ…,âœ…,âœ…,âœ…,
property,trailer,âœ…,âœ…,âœ…,âœ…,
property,transcript,âœ…,âœ…,âœ…,âœ…,
property,transFatContent,âœ…,âœ…,âœ…,âœ…,
property,transitTime,âœ…,âœ…,âœ…,âœ…,
property,translationOfWork,âœ…,âœ…,âœ…,âœ…,
property,translator,âœ…,âœ…,âœ…,âœ…,
property,tripOrigin,âœ…,âœ…,âœ…,âœ…,
property,typeOfGood,âœ…,âœ…,âœ…,âœ…,
property,typicalAgeRange,âœ…,âœ…,âœ…,âœ…,
property,typicalTest,âœ…,âœ…,âœ…,âœ…,
property,unitCode,âœ…,âœ…,âœ…,âœ…,
property,unitText,âœ…,âœ…,âœ…,âœ…,
property,unnamedSourcesPolicy,âœ…,âœ…,âœ…,âœ…,
property,unsaturatedFatContent,âœ…,âœ…,âœ…,âœ…,
property,uploadDate,âœ…,âœ…,âœ…,âœ…,
property,upvoteCount,âœ…,âœ…,âœ…,âœ…,
property,url,âœ…,âœ…,âœ…,âœ…,
property,urlTemplate,âœ…,âœ…,âœ…,âœ…,
property,usageInfo,âœ…,âœ…,âœ…,âœ…,
property,usedToDiagnose,âœ…,âœ…,âœ…,âœ…,
property,userInteractionCount,âœ…,âœ…,âœ…,âœ…,
property,usesDevice,âœ…,âœ…,âœ…,âœ…,
property,usesHealthPlanIdStandard,âœ…,âœ…,âœ…,âœ…,
property,utterances,âœ…,âœ…,âœ…,âœ…,
property,validFor,âœ…,âœ…,âœ…,âœ…,
property,validForMemberTier,âœ…,âœ…,âœ…,âœ…,
property,validFrom,âœ…,âœ…,âœ…,âœ…,
property,validIn,âœ…,âœ…,âœ…,âœ…,
property,validThrough,âœ…,âœ…,âœ…,âœ…,
property,value,âœ…,âœ…,âœ…,âœ…,
property,valueAddedTaxIncluded,âœ…,âœ…,âœ…,âœ…,
property,valueReference,âœ…,âœ…,âœ…,âœ…,
property,variableMeasured,âœ…,âœ…,âœ…,âœ…,
property,variesBy,âœ…,âœ…,âœ…,âœ…,
property,vatID,âœ…,âœ…,âœ…,âœ…,
property,version,âœ…,âœ…,âœ…,âœ…,
property,video,âœ…,âœ…,âœ…,âœ…,
property,videoFormat,âœ…,âœ…,âœ…,âœ…,
property,videoFrameSize,âœ…,âœ…,âœ…,âœ…,
property,videoQuality,âœ…,âœ…,âœ…,âœ…,
property,warning,âœ…,âœ…,âœ…,âœ…,
property,warranty,âœ…,âœ…,âœ…,âœ…,
property,warrantyScope,âœ…,âœ…,âœ…,âœ…,
property,weight,âœ…,âœ…,âœ…,âœ…,
property,weightPercentage,âœ…,âœ…,âœ…,âœ…,
property,width,âœ…,âœ…,âœ…,âœ…,
property,wordCount,âœ…,âœ…,âœ…,âœ…,
property,workExample,âœ…,âœ…,âœ…,âœ…,
property,workFeatured,âœ…,âœ…,âœ…,âœ…,
property,workLocation,âœ…,âœ…,âœ…,âœ…,
property,workPerformed,âœ…,âœ…,âœ…,âœ…,
property,worksFor,âœ…,âœ…,âœ…,âœ…,
property,workTranslation,âœ…,âœ…,âœ…,âœ…,
property,worstRating,âœ…,âœ…,âœ…,âœ…,
property,xpath,âœ…,âœ…,âœ…,âœ…,
property,yield,âœ…,âœ…,âœ…,âœ…,
enumeration,ActionStatusType,âœ…,âœ…,âœ…,âœ…,
enumeration,AdultOrientedEnumeration,âœ…,âœ…,âœ…,âœ…,
enumeration,BusinessEntityType,âœ…,âœ…,âœ…,âœ…,
enumeration,BusinessFunction,âœ…,âœ…,âœ…,âœ…,
enumeration,CertificationStatusEnumeration,âœ…,âœ…,âœ…,âœ…,
enumeration,ContactPointOption,âœ…,âœ…,âœ…,âœ…,
enumeration,DayOfWeek,âœ…,âœ…,âœ…,âœ…,
enumeration,DeliveryMethod,âœ…,âœ…,âœ…,âœ…,
enumeration,DigitalPlatformEnumeration,âœ…,âœ…,âœ…,âœ…,
enumeration,DrugPregnancyCategory,âœ…,âœ…,âœ…,âœ…,
enumeration,DrugPrescriptionStatus,âœ…,âœ…,âœ…,âœ…,
enumeration,EnergyEfficiencyEnumeration,âœ…,âœ…,âœ…,âœ…,
enumeration,EUEnergyEfficiencyEnumeration,âœ…,âœ…,âœ…,âœ…,
enumeration,EventAttendanceModeEnumeration,âœ…,âœ…,âœ…,âœ…,
enumeration,EventStatusType,âœ…,âœ…,âœ…,âœ…,
enumeration,FulfillmentTypeEnumeration,âœ…,âœ…,âœ…,âœ…,
enumeration,GenderType,âœ…,âœ…,âœ…,âœ…,
enumeration,GovernmentBenefitsType,âœ…,âœ…,âœ…,âœ…,
enumeration,IPTCDigitalSourceEnumeration,âœ…,âœ…,âœ…,âœ…,
enumeration,ItemAvailability,âœ…,âœ…,âœ…,âœ…,
enumeration,ItemListOrderType,âœ…,âœ…,âœ…,âœ…,
enumeration,MapCategoryType,âœ…,âœ…,âœ…,âœ…,
enumeration,MeasurementMethodEnum,âœ…,âœ…,âœ…,âœ…,
enumeration,MeasurementTypeEnumeration,âœ…,âœ…,âœ…,âœ…,
enumeration,MediaEnumeration,âœ…,âœ…,âœ…,âœ…,
enumeration,MedicalAudienceType,âœ…,âœ…,âœ…,âœ…,
enumeration,MedicalEnumeration,âœ…,âœ…,âœ…,âœ…,
enumeration,MedicalEvidenceLevel,âœ…,âœ…,âœ…,âœ…,
enumeration,MedicalProcedureType,âœ…,âœ…,âœ…,âœ…,
enumeration,MedicalSpecialty,âœ…,âœ…,âœ…,âœ…,
enumeration,MedicalStudyStatus,âœ…,âœ…,âœ…,âœ…,
enumeration,MedicineSystem,âœ…,âœ…,âœ…,âœ…,
enumeration,MerchantReturnEnumeration,âœ…,âœ…,âœ…,âœ…,
enumeration,MusicAlbumProductionType,âœ…,âœ…,âœ…,âœ…,
enumeration,MusicAlbumReleaseType,âœ…,âœ…,âœ…,âœ…,
enumeration,MusicReleaseFormatType,âœ…,âœ…,âœ…,âœ…,
enumeration,NonprofitType,âœ…,âœ…,âœ…,âœ…,
enumeration,OfferItemCondition,âœ…,âœ…,âœ…,âœ…,
enumeration,PaymentMethodType,âœ…,âœ…,âœ…,âœ…,
enumeration,PhysicalActivityCategory,âœ…,âœ…,âœ…,âœ…,
enumeration,PhysicalExam,âœ…,âœ…,âœ…,âœ…,
enumeration,PriceComponentTypeEnumeration,âœ…,âœ…,âœ…,âœ…,
enumeration,PriceTypeEnumeration,âœ…,âœ…,âœ…,âœ…,
enumeration,QualitativeValue,âœ…,âœ…,âœ…,âœ…,
enumeration,RefundTypeEnumeration,âœ…,âœ…,âœ…,âœ…,
enumeration,RestrictedDiet,âœ…,âœ…,âœ…,âœ…,
enumeration,ReturnFeesEnumeration,âœ…,âœ…,âœ…,âœ…,
enumeration,ReturnLabelSourceEnumeration,âœ…,âœ…,âœ…,âœ…,
enumeration,ReturnMethodEnumeration,âœ…,âœ…,âœ…,âœ…,
enumeration,SizeSpecification,âœ…,âœ…,âœ…,âœ…,
enumeration,Specialty,âœ…,âœ…,âœ…,âœ…,
enumeration,StatusEnumeration,âœ…,âœ…,âœ…,âœ…,
enumeration,TierBenefitEnumeration,âœ…,âœ…,âœ…,âœ…,
enumeration,WarrantyScope,âœ…,âœ…,âœ…,âœ…,
datatype,Boolean,âœ…,âœ…,âœ…,âœ…,
datatype,Date,âœ…,âœ…,âœ…,âœ…,
datatype,DateTime,âœ…,âœ…,âœ…,âœ…,
datatype,Number,âœ…,âœ…,âœ…,âœ…,
datatype,Quantity,âœ…,âœ…,âœ…,âœ…,
datatype,Text,âœ…,âœ…,âœ…,âœ…,
datatype,Time,âœ…,âœ…,âœ…,âœ…,
